{"cameraMode":{"drawMode":0,"name":"Shaded","section":"Shading Mode"},"sceneLighting":false,"audioPlay":false,"sceneViewState":{"m_AlwaysRefresh":false,"showFog":true,"showSkybox":false,"showFlares":true,"showImageEffects":true,"showParticleSystems":true,"showVisualEffectGraphs":true,"m_FxEnabled":true},"in2DMode":false,"pivot":{"x":-0.20445090532302857,"y":-1.5174965858459473,"z":-5.034646034240723},"rotation":{"x":0.49797919392585757,"y":-0.018208274617791177,"z":0.010458799079060555,"w":0.8669266104698181},"size":2.230727434158325,"orthographic":true}